,Result_X,Result_Y,Yaw,Vel,index
0,0.0,0.0,0.0,0.0,0.0
1,1.1459600539372144e-06,1.9492117931516957e-07,-1.796392929075851e-06,0.0007880934402719312,0.0
2,6.060034305550225e-06,1.0935841769223333e-06,4.000674911131515e-06,0.0018968838219431032,0.0
3,1.298978110224406e-05,1.6582754609125884e-06,8.595885069573737e-06,0.0027757979498923358,0.0
4,2.4806523148995925e-05,2.2406730365069857e-06,-1.375402250091952e-06,0.0037699264649856965,0.0
5,3.7234524665055884e-05,2.6335843891528476e-06,-9.566265830096367e-06,0.004586548309996887,0.0
6,5.649159995427544e-05,3.4526204092667074e-06,-1.18251938057696e-05,0.005872727387852935,0.0
7,7.550655573575064e-05,3.984494852408568e-06,-1.364572049061749e-05,0.006909291350027134,0.0
8,0.00010250162244748226,4.9575545975804125e-06,-1.1961985748487102e-05,0.007878370627250787,0.0
9,0.00012661556730277204,5.575176949905433e-06,-1.0620502702340573e-05,0.008650465772785765,0.0
10,0.00016139686393470905,6.139378887723625e-06,-4.929580236568135e-06,0.009983434754088723,0.0
11,0.000192909534724385,6.502466158307827e-06,-3.647254276936142e-07,0.01105264803207273,0.0
12,0.0002356208009819484,7.0195092088334176e-06,-6.643138555335717e-06,0.011780437734530901,0.0
13,0.00027004531150369085,7.319988346926075e-06,-1.1431082192316263e-05,0.012335453150703942,0.0
14,0.0003177051592525398,8.336428447805972e-06,-1.3690150105050425e-05,0.013494782059521248,0.0
15,0.18068394583832806,0.011638263209307864,0.0014985289361772586,-0.16439517393372605,1.0
16,0.17750037654998796,0.011662057175600885,0.001486539515019167,-0.15824233431778967,0.0
17,0.17690964493538044,0.011661507454511407,0.0014882459152952478,-0.15762538493857914,0.0
18,0.176445345704916,0.011661020779583284,0.001489591825323676,-0.1571387708843322,0.0
19,0.17585800210943872,0.011661064099632001,0.0014873080382335707,-0.15601156401168678,0.0
20,0.17540202455532736,0.01166094658956906,0.001485523466556473,-0.15513075447043473,0.0
21,0.1748341340154595,0.011660821815852228,0.0014989261330439453,-0.15425550107456626,0.0
22,0.17437693863933762,0.011660607275879495,0.0015097724278814973,-0.15354719005317125,0.0
23,0.1738117025872125,0.01166028508332328,0.001515386621947636,-0.15275891016359494,0.0
24,0.17337260329377005,0.0116599432181723,0.0015197682107649063,-0.1521436983792574,0.0
25,0.17281399378614667,0.011659882138254044,0.0015214468210641104,-0.15131074695956326,0.0
26,0.1723654598299853,0.01165971283249123,0.0015228014756700438,-0.15063854717755173,0.0
27,0.17181317084890982,0.011659755729094655,0.0015244800252044103,-0.14942017152450837,0.0
28,0.1713707374302726,0.011659656988130271,0.0015258347185344784,-0.1484368669887156,0.0
29,0.3471113330040142,0.0247803716450608,0.003659585428113057,-0.20467067945427683,1.0
30,0.33462789539093934,0.024933276058037086,0.003620997287271241,-0.18823821578879282,0.0
31,0.3340867477932785,0.024931727188613598,0.003619242666857832,-0.1874910241500908,0.0
32,0.3333985542020354,0.024929841453888865,0.003624841105575444,-0.18647476593814036,0.0
33,0.33284774200653877,0.024928236255529843,0.0036293441581623665,-0.18565734801126216,0.0
34,0.3321566330530063,0.02492631773786217,0.003635018741797017,-0.18484209326938117,0.0
35,0.3316103913823055,0.02492470350816788,0.003639521775087153,-0.1841951525457984,0.0
36,0.5056355360192745,0.03812664509993347,0.005738526551649596,-0.24282648379453048,1.0
37,0.48949279956476294,0.03826791859918139,0.005769966638844951,-0.2241770756056519,0.0
38,0.4888414889432716,0.03826457728965433,0.005771293808371007,-0.22338983458836548,0.0
39,0.4880208082845449,0.03826067130917447,0.0057808125672496186,-0.22251310925506568,0.0
40,0.4873142515494906,0.03825720691871087,0.0057890381069919524,-0.221755495876669,0.0
41,0.4865441449992422,0.038253764784331436,0.005786918021287627,-0.22067290530374847,0.0
42,0.48589651872154505,0.038250742191300306,0.00578512692942547,-0.21975831059597353,0.0
43,0.4850737501905188,0.038246626385619396,0.005790832156996509,-0.21896830353589977,0.0
44,0.48443957332178617,0.038243339061267645,0.005795243923984019,-0.2183574029146475,0.0
45,0.48362912650479767,0.038239620935949896,0.005792977636203911,-0.21723475017783261,0.0
46,0.6547365044599283,0.05100506805244836,0.00841202298145368,-0.2812883178724987,1.0
47,0.6399803642640328,0.05108484861492398,0.008379229275839057,-0.2650432744664019,0.0
48,0.6389719245695179,0.0510769558531744,0.008376908253031773,-0.26428839887007943,0.0
49,0.6382062477979058,0.05107086466426297,0.008375141486984978,-0.2637137864324282,0.0
50,0.6372248961455378,0.05106367103379645,0.008376842386715206,-0.26236822881384086,0.0
51,0.6364628465947163,0.05105791143420025,0.008378169295069788,-0.2613185304607019,0.0
52,0.8052582086533435,0.06373888235695825,0.011666572718576518,-0.33071707267934086,1.0
53,0.7822864196142192,0.0638600049038708,0.011698860305724007,-0.314067403298986,0.0
54,0.7813732431801604,0.06384997890813547,0.011700187633801236,-0.31338294293518837,0.0
55,0.7802190731450579,0.06383765095066157,0.011697939928933674,-0.312054954305806,0.0
56,0.7792781469173753,0.06382743173566041,0.011696100316763524,-0.3109680749384618,0.0
57,0.7781565976912433,0.06381524963805432,0.011701592631254731,-0.3102301762591003,0.0
58,0.7772421211426155,0.06380517353586208,0.011706080868966883,-0.30962717643347853,0.0
59,0.7761080186823888,0.0637928025484481,0.011707754950994055,-0.3083532781519694,0.0
60,0.7751875266478703,0.06378262621182815,0.011709118860738924,-0.30731540649937367,0.0
61,0.7740396806432401,0.06376934760476481,0.011706840450589374,-0.30653038262589455,0.0
62,0.7731425250451089,0.06375894385551319,0.011705055572516587,-0.3059154047218221,0.0
63,0.7720158269643759,0.06374665564791986,0.011710669351615166,-0.3046946724699461,0.0
64,0.7711213357443131,0.063736751756219,0.011715142384104904,-0.3037219988167746,0.0
65,0.9353031626331803,0.07617178470285313,0.01577374544432991,-0.3864810590254559,1.0
66,0.9269539577355792,0.07606176723643338,0.015783655435115892,-0.38159933565739945,0.0
67,0.925806486493743,0.07604407057366537,0.01578502804435283,-0.38092317977270895,0.0
68,0.9244103320995294,0.07602282075129373,0.01578279210890748,-0.37987468810442476,0.0
69,0.9232985759319101,0.07600577635077117,0.015781007166027924,-0.37903767926256793,0.0
70,0.9218972879967787,0.07598413220788176,0.015778752766273215,-0.37844439621594844,0.0
71,0.9207816590159605,0.07596682718069572,0.01577695537674006,-0.37797138306201955,0.0
72,1.0817464574258722,0.08803014776583716,0.020871261119008576,-0.46785809585429766,1.0
73,1.0624818927473183,0.08767391664877569,0.021157286312776528,-0.4545265662621958,0.0
74,1.0610791523565608,0.08764448484029416,0.021178446456480874,-0.4535402997090597,0.0
75,1.0595069855889392,0.08761185973905938,0.021180028772688268,-0.45271907721280863,0.0
76,1.0581772073637743,0.08758417599674916,0.021181369403521947,-0.4520232894842617,0.0
77,1.056534476632975,0.0875503704845757,0.021175274102167716,-0.4506676405029625,0.0
78,1.0552066878929838,0.08752290362187869,0.021170333821892793,-0.44956887843480264,0.0
79,1.2123097819980244,0.09957589750124207,0.027438824222885665,-0.5516164710258832,1.0
80,1.1864459124689994,0.09898883713073958,0.02735978498002463,-0.5428627636253415,0.0
81,1.1848402981598638,0.09894537985308252,0.027354828358885683,-0.5423138108573857,0.0
82,1.1828416017915238,0.09889137469362219,0.027356511023990934,-0.5413136342544959,0.0
83,1.1812518440484894,0.09884830683746261,0.027357851654824614,-0.5405167629170122,0.0
84,1.1792595972395796,0.09879410205348732,0.02735167303056031,-0.5396729677026253,0.0
85,1.1776529654167334,0.09875035078198446,0.027346683263507296,-0.5389915309652329,0.0
86,1.1756452124843233,0.09869663914225921,0.027356331378195306,-0.5377394076835443,0.0
87,1.1740446063867211,0.09865361215362399,0.027364039386216107,-0.5367390696267962,0.0
88,1.1720932754309865,0.09860064493781596,0.027361822414133694,-0.5358023419116299,0.0
89,1.1705197043769464,0.09855786703407131,0.027360031788421488,-0.5350457565015483,0.0
90,1.1685592196895558,0.09850461237226613,0.027357796226370343,-0.5337211568255713,0.0
91,1.1669709023533839,0.09846141085287868,0.02735598096683177,-0.5326455918707194,0.0
92,1.1650287130177466,0.09840929462015575,0.027369311022819684,-0.5317080135395118,0.0
93,1.315080909365553,0.11057927884453264,0.034844853161868965,-0.6598311729299544,1.0
94,1.2851095011327425,0.10969448210626978,0.03501199952621699,-0.6480748225069037,0.0
95,1.2827604528996814,0.10961293452788565,0.03500592164400072,-0.6469024712484104,0.0
96,1.2807125234180914,0.10954177301946791,0.03500061382646723,-0.6458786563168553,0.0
97,1.2784738481178988,0.10946388525480844,0.0349985000249015,-0.645083121389334,0.0
98,1.2765729653769196,0.10939769082140112,0.03499670311203494,-0.644406848379494,0.0
99,1.274172813941365,0.1093142373928726,0.034990457588150545,-0.6433317098270519,0.0
100,1.2722707817183407,0.1092480214960204,0.0349855007724673,-0.6424784165345998,0.0
101,1.2699156496616828,0.10916596124222643,0.03497935589745006,-0.6417315846862072,0.0
102,1.268011740874736,0.10909957813471827,0.03497438307161431,-0.6411272005937348,0.0
103,1.2656811236231142,0.10901863800334739,0.0349721662122479,-0.6401667772482416,0.0
104,1.2636734504919265,0.10894884691896427,0.03497025384977619,-0.6393382729278023,0.0
105,1.2613933493759626,0.10886989410179844,0.03498329141085414,-0.6386063787950684,0.0
106,1.2594985480780145,0.1088041449797814,0.034994137470580874,-0.6379975097412774,0.0
107,1.4002979440076502,0.12050932699005934,0.04459025045261153,-0.7948152148660962,1.0
108,1.3303073296976824,0.11780805952583791,0.0445357987028091,-0.7702325520160866,0.0
109,1.3280922180486068,0.11770978020999989,0.04453404449010511,-0.7694405991472488,0.0
110,1.3252643345229054,0.11758434983917344,0.04453572300451008,-0.7688692479448704,0.0
111,1.3230220607494931,0.11748479395426778,0.04453705483255787,-0.7684159056594458,0.0
112,1.3202217178426319,0.1173608195722342,0.04453094307918531,-0.7673420434392557,0.0
113,1.3179003096801785,0.11725794660085781,0.04452587004444602,-0.7664506886976373,0.0
114,1.3149307079370074,0.11712607665741233,0.044531772803713725,-0.7657338631171497,0.0
115,1.312835213760154,0.11703291909906292,0.04453594144155714,-0.765227627625166,0.0
116,1.3100240990849448,0.11690822224941526,0.04453369941474294,-0.7640163520867703,0.0
117,1.3077891533576578,0.11680899469410215,0.04453191436339731,-0.7630519617342374,0.0
118,1.30498537221737,0.11668476288480041,0.04453359245881993,-0.7621543666930237,0.0
119,1.30273260143727,0.11658483092770029,0.044534942219407674,-0.7614323943939199,0.0
120,1.2999579371416754,0.11646170223292318,0.044528830407182106,-0.7604079049512708,0.0
121,1.2976877535867204,0.11636089744431255,0.044523823663624666,-0.7595686520869255,0.0
122,1.4250212030355098,0.1270082625554382,0.058077339477530195,-0.968365808009843,1.0
123,1.5522178172925785,0.13762259350003453,0.07155890800609031,-1.1769308273847678,1.0
124,1.4855772381829806,0.13296572919086733,0.07158494377663967,-1.162704410955862,0.0
125,1.4821455035655688,0.13271997078048398,0.07158629366196735,-1.1619668091719426,0.0
126,1.477870762271044,0.1324139586484566,0.07158404499829275,-1.1608556489017299,0.0
127,1.4745139576448607,0.13217357773198724,0.07158227768260252,-1.1599823431236806,0.0
128,1.4702571544125986,0.13186852830072698,0.07158787594652995,-1.1594271829071636,0.0
129,1.466857870632796,0.13162488151516646,0.07159234839178354,-1.158983666183492,0.0
130,1.462571013170196,0.1313183238803681,0.07158613553478042,-1.157777129769084,0.0
131,1.4591887434898791,0.13107633090907703,0.07158122905063986,-1.1568242908771966,0.0
132,1.4549669341931397,0.13077412417599404,0.07157510012307598,-1.1560491706206182,0.0
133,1.4515315860539433,0.1305281579827968,0.07157010986409475,-1.1554180568112915,0.0
134,1.4473153077366416,0.13022641436290947,0.07156787944739375,-1.1544311773237952,0.0
135,1.4439193272073532,0.12998330121546856,0.0715660815725805,-1.1536356821262002,0.0
136,1.4396172212855842,0.1296751296278665,0.0715638025083263,-1.1529411980563493,0.0
137,1.436236821987787,0.12943294990624593,0.07156201075642123,-1.152395209432774,0.0
138,1.5459453463254447,0.13785299331307263,0.0897704220442436,-1.4284139482134783,1.0
139,1.6557392881823614,0.14642429761563466,0.10804782174066131,-1.7048871767453273,1.0
140,1.5810295070430418,0.13844647260189538,0.10811509854085347,-1.6913176789495452,0.0
141,1.5761205643660183,0.13791421317282287,0.1081195402878308,-1.690421793954328,0.0
142,1.5698709095037715,0.1372366557053543,0.1081212357838294,-1.6891801699859366,0.0
143,1.5649687287386866,0.13670504222079818,0.10812256660094757,-1.688205602996198,0.0
144,1.5587775435407458,0.1360339096192431,0.10812424811050134,-1.6870036295786033,0.0
145,1.5537976813285326,0.13549393744334648,0.1081256015100304,-1.6860361951363356,0.0
146,1.5476812029284748,0.13483040348681796,0.10812337658128066,-1.6851410346803755,0.0
147,1.5427401454660772,0.1342943314860498,0.10812157835517702,-1.6844175504344028,0.0
148,1.5363953449199619,0.13360633189408533,0.10811523052319705,-1.6832079144736445,0.0
149,1.5315104669933877,0.13307654788265544,0.108110340172926,-1.6822760146427702,0.0
150,1.5253739517198464,0.1324112978092538,0.10811592221740865,-1.6813853455519576,0.0
151,1.5204935787229847,0.13188207212570555,0.10812036377401382,-1.6806766523131949,0.0
152,1.5143632923102297,0.13121747455102742,0.10811030747203917,-1.679583630229855,0.0
153,1.5093383747461389,0.13067264504355577,0.10810205951436816,-1.678687157560319,0.0
154,1.5972855575036171,0.1350385869952953,0.1324031031975598,-2.046341504844992,1.0
155,1.4140860913483284,0.11095450294850584,0.13244441948468272,-2.028086502849632,0.0
156,1.4082168648994304,0.11017290573710191,0.13244575002170472,-2.027498624371604,0.0
157,1.400802768109539,0.10918601397703483,0.13245136247943662,-2.026327158607116,0.0
158,1.3946575890417197,0.10836787213793722,0.13245601686303737,-2.0253556678086926,0.0
159,1.3873916339224939,0.1074001231018414,0.13246537877237563,-2.0245145200878154,0.0
160,1.3814325029711758,0.10660632277586167,0.1324730598172697,-2.0238243944763443,0.0
161,1.3740719479234238,0.10562623197347686,0.13247473234413754,-2.0227322904905725,0.0
162,1.368118261214323,0.10483334965835976,0.132476085859839,-2.021848490103984,0.0
163,1.360704376332775,0.10384623663088043,0.13247777187048593,-2.0208911191949097,0.0
164,1.354655627100557,0.10304074755847473,0.13247914803498523,-2.020109688864009,0.0
165,1.3474481120153374,0.10208129631659732,0.13248078868653318,-2.019084644073272,0.0
166,1.341504968057555,0.1012899990687789,0.13248214216973403,-2.0182390160627945,0.0
167,1.3340843847248491,0.10030157866628116,0.13247592859749704,-2.0173371617676144,0.0
168,1.3828256298323982,0.09443792332426751,0.1679335433277851,-2.5412227522444972,1.0
169,1.0857061705354671,0.044491666268798594,0.1677338736718715,-2.512242170715094,0.0
170,1.0766421042190746,0.042957288064348766,0.16772774359426043,-2.5109709082634377,0.0
171,1.0693154522388832,0.0417170073788568,0.16772278626534293,-2.5099428517667395,0.0
172,1.0602843716844585,0.040188362177777145,0.16772444953686544,-2.5090209804428953,0.0
173,1.0528886818537357,0.03893645387021774,0.1677258120744684,-2.5082657914513002,0.0
174,1.0437651719877765,0.03739234005752023,0.16772749332112347,-2.506994448733518,0.0
175,1.0363758240375582,0.03614161347258312,0.16772885563386503,-2.5059642808053857,0.0
176,1.0273588951920085,0.034615529144595356,0.16771885414820387,-2.5050760395595453,0.0
177,1.0200736175212681,0.033382493831215145,0.16771077077358204,-2.504358147539506,0.0
178,1.0108650616675137,0.031824168483892204,0.16771247032718073,-2.5032637900939845,0.0
179,1.0035111543059678,0.030579573578673136,0.1677138281233092,-2.5023894932763704,0.0
180,0.9942110056742307,0.029005344398515535,0.16771152970009295,-2.501393916834167,0.0
181,0.9872082082954896,0.02781994236186496,0.16770979843348138,-2.500644007835047,0.0
182,0.9719091654757691,-9.137611949770405e-05,0.21826769884033986,-3.24020483781119,1.0
183,0.9562506783975583,-0.027884022992501558,0.26903741027445044,-3.9794869267859174,1.0
184,0.6164822489684753,-0.12142676073687943,0.26907785857217004,-3.959243889773975,0.0
185,0.6052620580310604,-0.12452075129713983,0.2690791980140133,-3.95857354337283,0.0
186,0.5911818962699688,-0.12840301660156053,0.2690808790183892,-3.9576680069543313,0.0
187,0.5801180343254407,-0.13145372732620125,0.26908220018768736,-3.95695630927425,0.0
188,0.5661205329702511,-0.13531381063374334,0.2690877816032704,-3.955897282646817,0.0
189,0.5547956205570418,-0.138436945370129,0.26909229844169813,-3.955040250573931,0.0
190,0.5404238204526137,-0.14239988548163335,0.26909401600085436,-3.9540291524796682,0.0
191,0.5294847800552571,-0.1454163788194603,0.26909532361387756,-3.953259382756753,0.0
192,0.515462046625552,-0.14928373862614552,0.2691009203595295,-3.952331889838951,0.0
193,0.5042616820683059,-0.15237276129072902,0.2691053915918349,-3.9515909170388595,0.0
194,0.4902061673101939,-0.15624877331725737,0.26911493450974994,-3.950886472953537,0.0
195,0.4782477934192719,-0.15954664588674186,0.26912305496131944,-3.9502870332298374,0.0
196,0.46491997795570866,-0.16322263177918195,0.2691321068673058,-3.9494760809205127,0.0
197,0.453689581815375,-0.1663202334338552,0.26913973572315825,-3.9487926184231843,0.0
198,0.3581583117011248,-0.23769307482485258,0.3414448661533745,-4.993459883370308,1.0
199,0.1383732974606254,-0.315750968349605,0.34156579268596005,-4.982197996173237,0.0
200,0.12433799921125813,-0.3207403243971661,0.3415735251622516,-4.981477870706249,0.0
201,0.10687899416524603,-0.32694700642730934,0.3415672942692401,-4.98045784265698,0.0
202,0.09313068990279914,-0.3318344598306118,0.34156238678707523,-4.979654463518515,0.0
203,0.07600670003195205,-0.3379220413906453,0.3415601614759064,-4.97876786141714,0.0
204,-0.06676416774444364,-0.4423560915558754,0.4265266737358563,-6.199954317714262,1.0
205,-0.42207499351060956,-0.6038861309583468,0.42648824543630887,-6.184643824688305,0.0
206,-0.44307596126435506,-0.6134284667446456,0.42648199781185986,-6.1836461912035485,0.0
207,-0.45951332563188296,-0.6208970919149374,0.4264771071339035,-6.182865237717591,0.0
208,-0.4803391381517438,-0.6303593336710794,0.4264787923511296,-6.181730094082648,0.0
209,-0.49699673645344117,-0.6379278156288914,0.4264801405031924,-6.180821993803776,0.0
210,-0.5178722724411409,-0.647413068157791,0.42647392599026734,-6.1799420468638155,0.0
211,-0.5354816100767388,-0.6554141095356552,0.42646868313147424,-6.179199681756958,0.0
212,-0.555339280869738,-0.6644364616690055,0.42647781151236863,-6.178350247347036,0.0
213,-0.5719316686858458,-0.671975419847757,0.4264854398695756,-6.177640396478877,0.0
214,-0.5926834110977831,-0.6814047103437396,0.4264989128524666,-6.176571155037716,0.0
215,-0.6093269023062295,-0.688967504106676,0.4265097203140284,-6.175713454417957,0.0
216,-0.6300154408016394,-0.6983686634262648,0.4265192364424861,-6.17451887282638,0.0
217,-0.6467093922863087,-0.7059547846782604,0.4265269165469369,-6.1735547715703865,0.0
218,-0.6674470997433126,-0.7153787640669973,0.42652466610740736,-6.172538310630123,0.0
219,-0.9042546158681481,-0.9102138478019842,0.5387326134953023,-7.779231153571835,1.0
220,-1.539612300183649,-1.290320840126866,0.5386744741599778,-7.752971232932308,0.0
221,-1.5644343806648526,-1.3051552220119809,0.5386761727434933,-7.751894226136363,0.0
222,-1.5837295778373286,-1.3166866289254642,0.5386774932849634,-7.7510569213323315,0.0
223,-1.6080141791781102,-1.3312000862187032,0.5386791555500956,-7.750073055543805,0.0
224,-1.6278376995484956,-1.3430474408655573,0.5386805126142293,-7.749269832912139,0.0
225,-1.652048075350134,-1.3575169847010933,0.5386821703700153,-7.7481104022960485,0.0
226,-1.671799683898523,-1.3693216739888259,0.5386835230040512,-7.747164373136119,0.0
227,-1.6964035220983065,-1.3840262194926731,0.5386773249715381,-7.746311419443444,0.0
228,-1.7159512598980156,-1.395708765423525,0.5386724001736182,-7.745633684281103,0.0
229,-1.7406834410508447,-1.4104892224391916,0.5386780573381987,-7.744604765250877,0.0
230,-1.761556458138103,-1.422963543864917,0.5386828323723285,-7.74373628716153,0.0
231,-1.7847530408482692,-1.4368271309477714,0.5386769862949987,-7.742737618393325,0.0
232,-1.8049569755398218,-1.4489019410949806,0.5386718938416559,-7.741867689068049,0.0
233,-2.1714422823540027,-1.825750719972755,0.6928642174093642,-9.935669186686065,1.0
234,-2.8908490119088808,-2.423892580855667,0.6931081234704983,-9.899641817336176,0.0
235,-2.913390650791708,-2.442616003823668,0.6931157784040813,-9.89851110693783,0.0
236,-2.9417138949428843,-2.466141509762595,0.6931174725122077,-9.897764407462981,0.0
237,-2.9645550140487935,-2.485113497498411,0.6931188388089999,-9.897162194958685,0.0
238,-2.992039226523264,-2.5079420354484303,0.6931127915046107,-9.896260584029998,0.0
239,-3.014876834670675,-2.526910796631542,0.693107766195462,-9.895511345467344,0.0
240,-3.042888411230769,-2.5501773810966326,0.693117282456726,-9.894688984820393,0.0
241,-3.06564608397618,-2.569080271870649,0.6931250144575366,-9.894020813464811,0.0
242,-3.093804631335676,-2.5924700276064683,0.6931227579773136,-9.892707792462787,0.0
243,-3.116404721998899,-2.611242407861271,0.6931209467153677,-9.891653839075184,0.0
244,-3.1441003378769175,-2.6342467989922085,0.6931226042541966,-9.890785572240471,0.0
245,-3.166544213610299,-2.6528890013399407,0.6931239475913243,-9.890081893354907,0.0
246,-3.644138627576359,-3.315076133649864,0.8974951333105285,-12.785712272687594,1.0
247,-4.1217256131988185,-3.9769945541470224,1.101624566728241,-15.681975558250858,1.0
248,-4.511939622329772,-4.74762251440059,1.101590965026101,-15.664458619851397,0.0
249,-4.532691288246569,-4.788557948977736,1.1015891782645388,-15.663527161317257,0.0
250,-4.558966960408367,-4.840388824316731,1.10159086777738,-15.662592278754735,0.0
251,-4.579789200574558,-4.881462224840593,1.1015922067062636,-15.661851389881203,0.0
252,-4.605919242019351,-4.933008483509781,1.1015938869674782,-15.660601133943038,0.0
253,-4.626807384581987,-4.974213647704147,1.1015952302427905,-15.659601623913773,0.0
254,-4.653147120848792,-5.026171168220966,1.101588998376237,-15.65856393548006,0.0
255,-4.674033330595687,-5.067370244971213,1.1015840565775532,-15.657741060456647,0.0
256,-4.7000866803030945,-5.118762254821515,1.1015896521947803,-15.656698137628373,0.0
257,-4.7211828529938265,-5.16037612887724,1.101594183430266,-15.655853596492603,0.0
258,-4.746878067115941,-5.211063484889452,1.1015919694604877,-15.654878638126764,0.0
259,-4.768042514763231,-5.252812654822011,1.1015901457892239,-15.65407555419468,0.0
260,-4.79430175369793,-5.304612724438215,1.1015878829283257,-15.65297528183118,0.0
261,-4.815321914319361,-5.346077195227691,1.1015860714471735,-15.652094484142593,0.0
262,-5.198248093834668,-6.36176372937301,1.372463581043261,-19.48658443928563,1.0
263,-5.581042365726114,-7.377613652693512,1.643595329059299,-23.32120016922356,1.0
264,-5.43251156317915,-9.405783525607154,1.6436350405151419,-23.303339578522497,0.0
265,-5.427355237481879,-9.47643895787658,1.6436364246687813,-23.30271704275551,0.0
266,-5.421163540764195,-9.561266654624266,1.6436341985230891,-23.301663795263835,0.0
267,-5.4161935420830645,-9.62936298394986,1.6436324113828082,-23.300818252663227,0.0
268,-5.409867926297852,-9.716039661059586,1.6436301364547605,-23.30006403670383,0.0
269,-5.404899007704377,-9.784131201799692,1.6436283492605834,-23.299471521097786,0.0
270,-5.3986920146193444,-9.869179631216946,1.643633914808088,-23.29845529139667,0.0
271,-5.393672259486339,-9.937958959701733,1.643638415900673,-23.29763342365259,0.0
272,-5.387499113412686,-10.022535276793885,1.643628440942032,-23.29674190326911,0.0
273,-5.382463279014848,-10.091542236784667,1.6436203019455173,-23.29601447355685,0.0
274,-5.376207204045308,-10.177275994614034,1.6436259130466575,-23.29510248691027,0.0
275,-5.371137948434449,-10.246743360020632,1.643630459717162,-23.29436350490247,0.0
276,-5.364999540898774,-10.330848480045022,1.6436359648211862,-23.293349129413915,0.0
277,-5.10257112557024,-11.793173420593256,2.0473261461880146,-28.992765888558125,1.0
278,-4.841274796608737,-13.254857964438756,2.450561190335021,-34.69215112047908,1.0
279,-2.460941274242404,-15.221892091172307,2.450696526879572,-34.662354156583646,0.0
280,-2.381601762753346,-15.287491610064396,2.450701043137138,-34.661359814929114,0.0
281,-2.2832976994377616,-15.368771165384135,2.450702718776073,-34.66052933043189,0.0
282,-2.204229733920606,-15.434146031587664,2.4507040665608075,-34.65986133788035,0.0
283,-2.1045916405015395,-15.516527775709555,2.450705765052265,-34.65875276353438,0.0
284,-2.024724711503127,-15.582562638886776,2.450707126559543,-34.65786413260611,0.0
285,-1.9237619870963043,-15.666039649969097,2.450700794871729,-34.65716086654457,0.0
286,-1.8471027950046075,-15.729423359654476,2.4506959871980887,-34.6566268740601,0.0
287,-1.7498818828593663,-15.80980790310169,2.4506937673572566,-34.65556203152103,0.0
288,-1.6708254877912059,-15.875174202256826,2.45069196220078,-34.654696110244906,0.0
289,-1.5725409316452195,-15.956438796820171,2.4506897179685248,-34.65374534360812,0.0
290,-1.492419464838742,-16.022686232952363,2.4506878884139756,-34.65297025474575,0.0
291,-1.3944068560225376,-16.10372595203406,2.450685650240624,-34.65165000466551,0.0
292,-1.3148248728290148,-16.16952741615694,2.450683832860729,-34.65057797154962,0.0
293,0.43413913655972247,-17.011106824975275,3.0577218396291537,-43.21925699432846,1.0
294,2.457310974330338,-17.181084241766737,3.0577932682206925,-43.20587109480745,0.0
295,2.5860447514404417,-17.19189694409776,3.0577978152190908,-43.20501897575578,0.0
296,2.745776420391788,-17.20531218441817,3.057787648461566,-43.20382316783416,0.0
297,2.8745041739899855,-17.216124979884064,3.0577794548168056,-43.20285943625232,0.0
298,3.0316404705397275,-17.229325508710915,3.057773340542651,-43.20198878476337,0.0
299,3.158217062880063,-17.23995966883186,3.0577684152549853,-43.20128744083747,0.0
300,3.3196487637923062,-17.25352214532752,3.057774117601875,-43.199962169875484,0.0
301,5.679724852930319,-16.81322712194691,3.7898459433796803,-53.52953696570112,1.0
302,8.661902612019194,-14.554619487112666,3.7899521938228475,-53.50484351408388,0.0
303,8.819272993171394,-14.435392972945651,3.7899538737756284,-53.50405414126602,0.0
304,8.944652578553512,-14.340402857813794,3.7899552122454705,-53.503425223761525,0.0
305,9.10372783541563,-14.219884802137765,3.789941016701299,-53.50200780318253,0.0
306,9.229531646695241,-14.124576365620749,3.7899297900174997,-53.50088682236924,0.0
307,9.392007672442206,-14.001487799029503,3.789935583113049,-53.49992039567635,0.0
308,9.511838343472233,-13.910705276724748,3.789939855792907,-53.49920761063239,0.0
309,9.67132923409083,-13.789875437780875,3.78993757464321,-53.49809103433983,0.0
310,9.795842691065355,-13.695544778207932,3.7899357937265057,-53.497219311903734,0.0
311,9.951067651641834,-13.577947618365949,3.7899296955188686,-53.49649070473977,0.0
312,10.078556575708046,-13.481364242475706,3.789924686904527,-53.495892280988386,0.0
313,10.236331659555365,-13.36183866862064,3.7899224298350536,-53.49474767224137,0.0
314,11.360105354657843,-9.704661237957975,4.764835689021577,-67.24347349042833,1.0
315,11.025034819751639,-3.295417845186999,4.764777469166008,-67.21394894246339,0.0
316,11.012083793387328,-3.0484097916334107,4.7647830649486,-67.2132112123095,0.0
317,11.001031214437095,-2.8376352485309773,4.764787839943904,-67.21258169213736,0.0
318,10.98874752005388,-2.6033865881089486,4.76479314649968,-67.21144361467267,0.0
319,10.978504390002538,-2.4080761357446248,4.764797571046288,-67.21049469846442,0.0
320,10.965232075372326,-2.15503232998024,4.764795271021091,-67.2096556206803,0.0
321,10.954953129631443,-1.9590551190414889,4.764793489676085,-67.20900576387753,0.0
322,10.941929557410335,-1.7107210277128826,4.764791232309401,-67.20774576450903,0.0
323,10.931440688776282,-1.5107166663708913,4.7647894142266525,-67.20673096122874,0.0
324,10.918523167787582,-1.2644072403475934,4.764783265537223,-67.20603936475251,0.0
325,10.908105904505382,-1.0657520648123595,4.764778306401299,-67.20548156768551,0.0
326,10.895051359316195,-0.8167590118255014,4.764779995133257,-67.20436984499739,0.0
327,10.88456513745797,-0.6167647491538141,4.764781351566695,-67.2034768804142,0.0
328,10.871791265759237,-0.3731552584699596,4.764783003549142,-67.20275167216752,0.0
329,4.590116933494679,4.450647697515724,6.117549035142547,-86.26596950428228,1.0
330,-1.6924805792317468,9.27479885378693,7.470471012851017,-105.32879068241184,1.0
331,-5.523330891744176,-0.2208266183571112,7.470515257769393,-105.3093674859094,0.0
332,-5.664385401401755,-0.5704616399061678,7.470513073528202,-105.3082795133064,0.0
333,-5.781795853168973,-0.8614872700226683,7.470511255412149,-105.30737390798109,0.0
334,-5.927968729682107,-1.2238047687827451,7.4705129441415155,-105.30637780368932,0.0
335,-6.043799165115292,-1.5109135609666153,7.470514282340977,-105.30558846097215,0.0
336,-6.189968713677908,-1.8732256723336285,7.470508066869224,-105.30478015143349,0.0
337,-6.305798947216417,-2.1603297403382498,7.470503141544232,-105.30413962287355,0.0
338,-6.451181364300928,-2.5206792476126214,7.470500890579764,-105.30323168171347,0.0
339,-6.568589967250626,-2.811689603675287,7.470499072733613,-105.3024984416437,0.0
340,-6.7131818543687976,-3.1700768382379345,7.470496834127038,-105.30117508168658,0.0
341,-6.8301943734051696,-3.4601029619631953,7.470495022503437,-105.30010413417888,0.0
342,-6.974400558101667,-3.8175272432281355,7.470496688981821,-105.29946751333411,0.0
343,-7.093769733645367,-4.11339259587518,7.47049806845077,-105.29894053458897,0.0
344,0.45404642203993717,-8.044415400084826,9.441504934157205,-133.0626358535393,1.0
345,8.002744764691526,-11.975957629197186,11.412762611356989,-160.82607832406197,1.0
346,3.963051150067288,-2.8597151848937,11.412526651511309,-160.80646605436493,0.0
347,3.770943430814518,-2.425983767546286,11.412515424574753,-160.80553290530742,0.0
348,3.5313014816864388,-1.8849155323010485,11.412532780492716,-160.8046058330789,0.0
349,3.338540991306349,-1.4497182217746538,11.412546740565377,-160.80386015107587,0.0
350,3.0969289176399264,-0.90424610833133,11.41255238147067,-160.80253237734829,0.0
351,2.899597959237025,-0.4587523268323615,11.412556988518121,-160.80144795627612,0.0
352,2.658635060503888,0.08523678057178317,11.412546848063226,-160.80064073244023,0.0
353,2.469133572502098,0.5130595688999602,11.412538873048598,-160.80000588696583,0.0
354,2.227531054336514,1.058520706696041,11.41253265699982,-160.79889827915756,0.0
355,2.035429646391368,1.492230641759781,11.412527714440118,-160.79801758823717,0.0
356,1.7944885171296767,2.036215492959375,11.412521515198952,-160.79679792533514,0.0
357,1.601090494842802,2.4728663192575264,11.412516539108534,-160.795818909885,0.0
358,1.3562467046994844,3.0256791176133206,11.412522255757702,-160.7945568581112,0.0
359,1.1641552859411453,3.4593789866965694,11.412526740704767,-160.7935667264393,0.0
360,-17.68373242241627,-8.187918832193391,14.137927481972278,-199.1843694063703,1.0
361,-17.665725669993783,-29.83703002512923,14.137745380523292,-199.1556722740899,0.0
362,-17.665391668540995,-30.412564082525126,14.137740538774356,-199.15490926912506,0.0
363,-17.66496821831323,-31.147445306473752,14.137726494823594,-199.153698402193,0.0
364,9.62754232293906,-46.13660046000904,17.835278660884402,-251.2248629782321,1.0
365,5.683652081000749,-39.796796991844516,17.835165547963154,-251.21511040231834,0.0
366,5.203377728796848,-39.02459161238531,17.83516719545836,-251.21422221273173,0.0
367,4.810661938145895,-38.39316935794767,17.835168542600098,-251.21349594824395,0.0
368,4.3210889232896825,-37.60601748916427,17.835174152795698,-251.21233206677084,0.0
369,3.9283403452131385,-36.974551732852746,17.835178653421696,-251.21139837468775,0.0
370,3.4414200191738185,-36.191683911725875,17.83518032319713,-251.21061260213654,0.0
371,3.0473729327514945,-35.55813995403328,17.835181674486194,-251.20997670473704,0.0
372,2.5551395653020537,-34.766734160624175,17.835187314787685,-251.2088204091558,0.0
373,2.163748523736697,-34.13746975167345,17.83519179955411,-251.2079010051826,0.0
374,1.671510634077344,-33.34607518476486,17.835189535460557,-251.2069955516238,0.0
375,1.2734778479482156,-32.70613595781435,17.83518770465989,-251.20626338003262,0.0
376,0.7905468536303863,-31.929696310371668,17.835200993385126,-251.2050287657413,0.0
377,0.3991531122971848,-31.30044636743711,17.8352117631105,-251.20402818392256,0.0
378,-20.525184663306423,-70.25147682356024,22.27169691187718,-313.67666960375476,1.0
379,1.5327519160717686,-63.895380083215976,22.27180816708484,-313.65982730783423,0.0
380,2.4248489872701278,-63.63821627946687,22.271812667110588,-313.659146074417,0.0
381,3.5339490318616895,-63.318491841674515,22.271806501070312,-313.658165961511,0.0
382,4.435095848010814,-63.05872092988125,22.271801491137623,-313.6573696158061,0.0
383,5.5441928762625,-62.73901082781506,22.271807085847485,-313.65657076102445,0.0
384,6.460424458317762,-62.47489091944157,22.271811707690404,-313.6559108195071,0.0
385,7.5182804785805635,-62.16994018735596,22.27180582650042,-313.65496486801055,0.0
386,8.42545421551374,-61.90843278382635,22.271800783026464,-313.65415365773725,0.0
387,9.549630036806533,-61.5843771772466,22.271810427258213,-313.65322195520486,0.0
388,10.429636280350447,-61.330696852073125,22.271817976820774,-313.65249261286453,0.0
389,11.544747234939651,-61.00923347503777,22.27181966019444,-313.65136719111433,0.0
390,12.430781911592815,-60.75380643599681,22.271820997760045,-313.65047295981066,0.0
391,13.539848219435056,-60.43408114575984,22.27182659179645,-313.64952756616685,0.0
392,14.453036153413661,-60.17081891560319,22.27183119786115,-313.6487491400043,0.0
393,-33.72794173526608,32.055745691645086,28.225411035032415,-397.4753860948572,1.0
394,-81.9122769513753,124.28793381752418,34.17938487723544,-481.30220238338484,1.0
395,-55.14067178310259,113.653294696724,34.17928458705356,-481.28232237903075,0.0
396,-53.8615701584227,113.14502268770944,34.17927979487441,-481.2813724501289,0.0
397,-52.2290821372399,112.49631779449764,34.179277566894804,-481.28029845681607,0.0
398,-50.90061731422684,111.96841956644825,34.179275753832556,-481.27942447362375,0.0
399,-49.25470270984812,111.3143720410523,34.17926958750782,-481.2783589146096,0.0
400,-47.917396923683775,110.78294855614628,34.179264577344,-481.2774931435959,0.0
401,-46.2581669143282,110.12358788987368,34.17926231276108,-481.27651359173916,0.0
402,-44.94763526319662,109.60279266436814,34.17926052408987,-481.27573989686005,0.0
403,-43.27945682553945,108.93986809061323,34.17925427408148,-481.2748115153523,0.0
404,-41.928733286121066,108.40308832087962,34.179249213428434,-481.2740598016884,0.0
405,-40.273897377849025,107.74544434241068,34.179243013474824,-481.27316894052603,0.0
406,-38.94109880705425,107.21577061774154,34.179238020033225,-481.27245144109514,0.0
407,-37.32647538237066,106.57408700833646,34.17923966206081,-481.2711442224997,0.0
408,-36.002640781055504,106.04797094930204,34.17924100836727,-481.2700724275676,0.0
409,-34.388130847359285,105.40633733954267,34.17924264995694,-481.2692504406592,0.0
410,22.610124508762333,420.16471575053254,42.410009634871415,-597.1522130627936,1.0
411,79.6081417645193,734.9236440502622,50.64078772383628,-713.0351932600165,1.0
412,58.810571305574165,726.7298286397637,50.64080198011177,-713.0280547697871,0.0
413,56.362644309617046,725.7653565345482,50.640799727444474,-713.0268775214635,0.0
414,54.39222009122369,724.9890234033937,50.64079791419067,-713.0259299114864,0.0
415,51.858096367009296,723.9906015123123,50.64080372080448,-713.0249094950191,0.0
416,49.98068141353078,723.2509043723743,50.64080802267103,-713.0241535130276,0.0
417,47.51300257870325,722.2786330430671,50.64080575190187,-713.0232276022645,0.0
418,45.569164352672296,721.5127611533936,50.64080396317267,-713.0224982442796,0.0
419,43.09468686081632,720.5378219175195,50.64080168624936,-713.021427991494,0.0
420,41.13108031441436,719.7641700200371,50.640799879409926,-713.0205786985356,0.0
421,38.65012083655807,718.7866888298264,50.64078564444386,-713.0194356220258,0.0
422,36.699635051066124,718.0182427415155,50.64077445321591,-713.0185369595548,0.0
423,34.27164253549625,717.0617016897935,50.64078001689976,-713.0176903285741,0.0
424,32.281457554859806,716.2776281130581,50.6407845773736,-713.0169963570003,0.0
425,204.08978288445573,691.7014551177201,61.26282161223996,-862.5614822688059,1.0
426,375.8960063113784,667.125922263626,71.88471281670304,-1012.1060951133259,1.0
427,433.12171116182145,644.8041384180477,71.88467577319766,-1012.0877422671823,0.0
428,435.88450482804257,643.7263339553556,71.88467398470382,-1012.0868561752281,0.0
429,439.40127223971285,642.3543875606061,71.88467170824042,-1012.0857966967144,0.0
430,442.19238043065053,641.265524612426,71.88466990150495,-1012.0849558321512,0.0
431,445.64327007506796,639.9192613817135,71.88467546546404,-1012.0839166362664,0.0
432,448.43415273998266,638.8304981577526,71.88467996527201,-1012.0830761948027,0.0
433,451.9792403678423,637.4475271878537,71.8846896859532,-1012.0821460904777,0.0
434,454.7231502811152,636.3771334627171,71.88469720977277,-1012.0814261885506,0.0
435,458.1929480773499,635.0236026279053,71.88470280416475,-1012.0803587886171,0.0
436,460.93664259823925,633.9533343778014,71.8847072278482,-1012.0795147577659,0.0
437,464.43477204102504,632.5887927768189,71.88469705901235,-1012.0784111624705,0.0
438,467.25398773897166,631.4890468337571,71.88468886369262,-1012.0775217473558,0.0
439,470.67677789144,630.1538207919918,71.88469824934535,-1012.0763481457462,0.0
440,970.5467796517275,1436.6786336058417,87.34115802000099,-1229.6786629221049,1.0
441,911.7247262324476,1478.9787255071126,87.34131035532141,-1229.659614595652,0.0
442,908.0304752738386,1481.634444315532,87.34131597989976,-1229.658700386567,0.0
443,905.1248640893504,1483.7232015899701,87.34132040374172,-1229.657981343066,0.0
444,819.644417469518,1494.710528155935,106.47645255173045,-1499.0481400764907,1.0
445,721.7413862412076,1529.0895004091838,106.47648404465062,-1499.0299165906326,0.0
446,717.5690317842059,1530.5544699176826,106.47648538678509,-1499.0291399599348,0.0
447,712.4066159946593,1532.3670556749692,106.47647927083169,-1499.0282749019495,0.0
448,708.1634581176589,1533.8569079771114,106.4764742439167,-1499.027563880679,0.0
449,702.9160906239371,1535.6993870348153,106.4764719796668,-1499.0265716036156,0.0
450,698.7437631627791,1537.1644036343532,106.47647017929638,-1499.0257826154975,0.0
451,693.3834435597036,1539.04656746306,106.47646382908854,-1499.024723176107,0.0
452,689.2391217429665,1540.5017884750985,106.47645891942233,-1499.0239040700358,0.0
453,684.0342840152495,1542.3294243242844,106.47646451400024,-1499.0227040636585,0.0
454,679.8761412600101,1543.7894954449453,106.47646898350074,-1499.0217453802352,0.0
455,674.6146408276601,1545.6369677988064,106.47646671326855,-1499.020859718143,0.0
456,670.4564997187988,1547.0970276470202,106.47646491911146,-1499.0201597822806,0.0
457,665.2233381712973,1548.9345737998933,106.47646266097031,-1499.0190677540415,0.0
458,660.9802312966407,1550.4244876120845,106.47646083004112,-1499.0181823238377,0.0
459,-341.95740299644456,-979.9715254890868,132.9720392784922,-1872.019896380271,1.0
460,-368.39255333506577,-1023.5125325247103,132.97202267365344,-1872.0124263516702,0.0
461,-371.4140052364122,-1028.4889303212908,132.97202077582457,-1872.0115725742726,0.0
462,-374.85333614266256,-1034.1535603290122,132.9720186155749,-1872.0104780430913,0.0
463,-377.7291055271073,-1038.8899726163409,132.97201680930473,-1872.0095628622848,0.0
464,-381.33361255100976,-1044.8265973148455,132.97201059290265,-1872.008498355823,0.0
465,-384.2288746550459,-1049.595028084791,132.9720055997268,-1872.007643316541,0.0
466,-387.8042583439221,-1055.483536852086,132.97199943344577,-1872.0068979728755,0.0
467,-390.69957157887444,-1060.2519312462896,132.97199444009647,-1872.0062944062754,0.0
468,-394.3139343551732,-1066.2044878803356,132.97199216974042,-1872.0052861795323,0.0
469,-397.1898211677332,-1070.940811061944,132.9719903632628,-1872.0044839533568,0.0
470,-400.7652885419718,-1076.8292554955347,132.97198419709486,-1872.0037545158348,0.0
471,-403.56360865763196,-1081.4377502083296,132.9719793712245,-1872.0031836311398,0.0
472,-407.1196793598294,-1087.2941053076408,132.97198493550485,-1872.0022823970637,0.0
473,-409.9664082414033,-1091.9823313494876,132.97198938990138,-1872.0015609283932,0.0
474,1171.2217654037802,-5059.0528832082055,165.1193043148075,-2324.5625987334606,1.0
475,2752.4151431756127,-9026.136126773954,197.26672609122227,-2777.123786116451,1.0
476,2883.2006771925976,-9126.30658051796,197.26668989399582,-2777.1074783987674,0.0
477,2889.7264152590924,-9131.305134701062,197.26668808781523,-2777.1066646711442,0.0
478,2897.883706449807,-9137.553440815396,197.26668583025642,-2777.1053808486718,0.0
479,2904.453572663325,-9142.58583815393,197.26668401201894,-2777.1043468582675,0.0
480,2912.831595287846,-9149.003274672034,197.26667764523404,-2777.1035511309183,0.0
481,2919.1585752806227,-9153.84970832759,197.26667283709114,-2777.102950204254,0.0
482,2927.117598615972,-9159.94633883969,197.2666706347093,-2777.102060412821,0.0
483,2933.5990750757574,-9164.911187918555,197.26666884118333,-2777.101335804569,0.0
484,2941.6679246229874,-9171.091996515312,197.2666666078335,-2777.1004072004516,0.0
485,2948.303910186901,-9176.175242722677,197.26666477107753,-2777.0996434960034,0.0
486,2956.416882931559,-9182.389902244533,197.2666625256089,-2777.0983534775096,0.0
487,2963.0307674588994,-9187.45626149391,197.26666069504643,-2777.0973018220056,0.0
488,2971.2982397389596,-9193.789323880575,197.26665441209562,-2777.0962714064567,0.0
489,9043.576309377306,-6964.4330333805865,242.08328888095232,-3408.004318500497,1.0
490,9248.08242239693,-6927.080815109873,242.08312169151867,-3407.984241344602,0.0
491,9257.871797923934,-6925.29451757243,242.08311368860686,-3407.9832803047543,0.0
492,13750.953321592755,2516.302316657563,296.66588504561633,-4176.3751140764925,1.0
493,13690.861155501621,2240.6202387719895,296.6659157983409,-4176.3596430093785,0.0
494,13688.219826794117,2228.5010275514824,296.66591715025095,-4176.358962891076,0.0
495,13684.938171946844,2213.443706388832,296.66591882959546,-4176.357765291401,0.0
496,13682.323385556756,2201.446103363838,296.6659201676892,-4176.356811049675,0.0
497,13679.041777541564,2186.3887794377397,296.66591005466,-4176.355891829581,0.0
498,13676.42709890118,2174.3921772279587,296.66590199729984,-4176.355159458774,0.0
499,13673.171936554689,2159.457502216347,296.6658958655457,-4176.354220203251,0.0
500,13670.485838234055,2147.134055202333,296.6658908058799,-4176.353445169071,0.0
501,13667.177071051621,2131.9542573223357,296.6658964615478,-4176.352614933897,0.0
502,13664.562231267879,2119.9577000888653,296.6659009312037,-4176.351958801747,0.0
503,13661.218207144142,2104.6154035626323,296.66589863669054,-4176.350849099942,0.0
504,13658.612088974805,2092.6587338213626,296.6658968485126,-4176.349984278434,0.0
505,13655.27690966982,2077.357319350877,296.66589855465725,-4176.348984378706,0.0
506,13652.661885279493,2065.359794495749,296.66589989241004,-4176.348200377978,0.0
507,38842.278173721206,6049.080379602052,371.2739316284322,-5226.636931513241,1.0
508,38401.8726937219,5769.274011694197,371.27397705198473,-5226.606792855413,0.0
509,38388.59420209658,5760.836841246088,371.2739784215756,-5226.605884127928,0.0
510,38372.22775547864,5750.437548690027,371.2739801096865,-5226.604806179878,0.0
511,38358.99452031105,5742.029077420255,371.2739814746252,-5226.603934594353,0.0
512,38342.980450256386,5731.853617887433,371.27398312633665,-5226.602916197023,0.0
513,38330.0112360367,5723.612852378171,371.27398446399945,-5226.602091432969,0.0
514,38313.77738520161,5713.297674007107,371.27398613836516,-5226.601094906616,0.0
515,38300.675679328,5704.9726663694355,371.2739874896819,-5226.600290648191,0.0
516,38284.39769172279,5694.629373554931,371.27398523799746,-5226.59930465554,0.0
517,38271.29598288353,5686.304380406731,371.2739834256803,-5226.598511057915,0.0
518,38254.97378485144,5675.933089083355,371.2739772260756,-5226.597569228475,0.0
519,38242.004535256565,5667.692408340183,371.27397230002845,-5226.596820874919,0.0
520,38225.505531605675,5657.20902996967,371.27397400169593,-5226.595590060923,0.0
521,38212.4479127887,5648.912258000085,371.273975348429,-5226.594615970545,0.0
522,85951.85288026257,-30217.108943409592,476.2611388526782,-6704.526789429308,1.0
523,133691.020722058,-66082.94512522576,581.2477396878586,-8182.457867560664,1.0
524,134285.5368144928,-66051.34702264013,581.2476952810981,-8182.437535663275,0.0
525,134309.7244275053,-66050.06255822346,581.2476934744275,-8182.436708468441,0.0
526,134340.2823285314,-66048.4398599871,581.2476951757183,-8182.435752027424,0.0
527,134364.22447576214,-66047.16843349645,581.2476965086817,-8182.435002654729,0.0
528,134394.21157274375,-66045.57595538044,581.2476942684832,-8182.433875726137,0.0
529,134418.3972283795,-66044.29161977513,581.2476924616838,-8182.43296681829,0.0
530,134448.79342515653,-66042.6775391344,581.2476901909656,-8182.431804564166,0.0
531,134472.8154394715,-66041.40199135085,581.2476883964246,-8182.430886038523,0.0
532,134503.86424809092,-66039.75338304548,581.2476860766183,-8182.429946025667,0.0
533,134527.56092937454,-66038.4952081581,581.2476843061249,-8182.429228600872,0.0
534,134557.54802430302,-66036.90309666564,581.2476859751681,-8182.428188197984,0.0
535,134581.48821308155,-66035.6319949624,581.2476873076486,-8182.4273575924435,0.0
536,134611.6389362344,-66034.0311048296,581.2476850552339,-8182.4264093165875,0.0
537,174891.46982459596,-18430.753033517023,726.4867603190785,-10226.993789121148,1.0
538,175184.5848445032,-18141.447711029043,726.4867786384617,-10226.981767620988,0.0
539,175206.2020902406,-18120.110639708306,726.4867799895441,-10226.980881017113,0.0
540,175233.13293688427,-18093.52876343406,726.4867777312754,-10226.98016119203,0.0
541,175254.8230828846,-18072.119775298965,726.4867759124662,-10226.97958144503,0.0
542,175281.82691968026,-18045.46607173897,726.4867736480401,-10226.978530572247,0.0
543,175303.0798398175,-18024.48881306895,726.486771865865,-10226.977703502074,0.0
544,166571.63068258605,75913.54045696802,896.8858765990245,-12625.727719883522,1.0
545,166601.1487288512,76673.41530390223,896.8859040035823,-12625.715998690705,0.0
546,166602.59833530348,76710.75887782473,896.8859053503621,-12625.715422659983,0.0
547,166604.39081211845,76756.936771842,896.8859109145806,-12625.714195629727,0.0
548,166605.8743662661,76795.16167708156,896.8859155205008,-12625.7131799249,0.0
549,166607.65166496747,76840.96058030239,896.8859171726061,-12625.712236036574,0.0
550,166609.10077954485,76878.30416209866,896.8859185197024,-12625.711466407416,0.0
551,166610.90233513297,76924.73172503005,896.8859241141629,-12625.710147981872,0.0
552,166612.341387419,76961.82264432705,896.8859285835696,-12625.709094693542,0.0
553,166614.11797034598,77007.61854762225,896.8859263684639,-12625.70831176859,0.0
554,166615.5716421099,77045.0884643918,896.8859245560782,-12625.70767118428,0.0
555,166617.31421629994,77090.00302969546,896.8859223846964,-12625.706593284147,0.0
556,166618.7289404407,77126.46527629528,896.8859206219392,-12625.705718230207,0.0
557,166620.47647594177,77171.5031535892,896.8859108372586,-12625.704707372857,0.0
558,166621.9112333408,77208.4707121863,896.8859028058872,-12625.703877650236,0.0
559,-28080.881156711606,171687.5723750135,1123.0491071210427,-15809.450275525352,1.0
560,-27978.852199440444,173137.1896809541,1123.0493447970427,-15809.418910501356,0.0
561,-27975.50031048845,173184.97578391607,1123.049352631831,-15809.41787657987,0.0
562,-27971.385614602612,173243.64341583915,1123.0493543241214,-15809.417005693367,0.0
563,-27968.045521367854,173291.26786438894,1123.0493556978668,-15809.41629873647,0.0
564,-27964.152250256215,173346.7808432873,1123.0493610486847,-15809.415546771343,0.0
565,-27960.911621257957,173392.99154047156,1123.0493655028672,-15809.414920812833,0.0
566,-27956.753648252732,173452.2871382364,1123.0493712185867,-15809.413556460875,0.0
567,-27953.469460751083,173499.12578705358,1123.049375733534,-15809.4124787353,0.0
568,-27949.367192408612,173557.6355721587,1123.0493774216482,-15809.411027010125,0.0
569,-27946.23803998751,173602.2670975501,1123.0493787093492,-15809.409919627706,0.0
570,-27942.180234480627,173660.1452019619,1123.0493764674477,-15809.408671131196,0.0
571,-27938.99567983146,173705.5663240415,1123.0493747080654,-15809.40769134572,0.0
572,-27934.79396486531,173765.49361630724,1123.049352150234,-15809.406334704508,0.0
573,-594658.5212344001,288122.0828996304,1434.603234884647,-20195.202740676843,1.0
574,-593842.0944838745,286499.551989921,1434.602700964071,-20195.17063038045,0.0
575,-593808.72510294,286433.1467534028,1434.6026908759363,-20195.169348153322,0.0
576,-593782.7024824204,286381.36030446587,1434.6026830086946,-20195.16834820723,0.0
577,-593748.5171151106,286313.32820901956,1434.6026847246578,-20195.166754179765,0.0
578,-593722.6742494088,286261.89869505813,1434.6026860218578,-20195.165549158308,0.0
579,-593689.9414573055,286196.7578461788,1434.6026838164519,-20195.16494002506,0.0
580,-593663.6446524471,286144.42483367777,1434.6026820446696,-20195.16445065865,0.0
581,-593630.6397270951,286078.74176963564,1434.6026837014235,-20195.163281957233,0.0
582,-593604.0726977517,286025.870972639,1434.602685035009,-20195.162341224168,0.0
583,-593568.7089901993,285955.4942224147,1434.6026826524655,-20195.161369301146,0.0
584,-593544.5892329657,285907.49359239644,1434.602681027448,-20195.1607063995,0.0
585,-593510.7672037281,285840.18423965405,1434.602674777173,-20195.159527234206,0.0
586,-593484.6546323259,285788.2166987399,1434.602669951537,-20195.158616838704,0.0
587,-508063.68335265864,693627.3418830691,1849.4267244767952,-26034.694236992473,1.0
588,-422642.7397392064,1101466.3703864664,2264.250672690164,-31874.229884692217,1.0
589,-421695.64173428935,1100414.7813987937,2264.2507401779085,-31874.220248849102,0.0
590,-421632.9199926131,1100345.1491569234,2264.2507446469644,-31874.219610761083,0.0
591,-421553.5663224351,1100257.0533222738,2264.2507503011475,-31874.218375651384,0.0
592,-421491.69835294416,1100188.3703177955,2264.250754709395,-31874.21741270597,0.0
593,-421413.40681366954,1100101.4553832344,2264.2507524691255,-31874.21663135802,0.0
594,-421351.53869905375,1100032.7725162106,2264.250750698799,-31874.21601391396,0.0
595,-421272.6117422023,1099945.1514708179,2264.250752380599,-31874.21490440493,0.0
596,-421211.17087473517,1099876.9429006816,2264.2507536897974,-31874.2140407067,0.0
597,-421130.74323991436,1099787.656408212,2264.250751388726,-31874.213108959335,0.0
598,-421069.3075296814,1099719.4534266908,2264.2507496310172,-31874.21239722997,0.0
599,-420990.8028256415,1099632.3009593543,2264.250751304588,-31874.211368899407,0.0
600,-420927.4445567964,1099561.9636340446,2264.250752655263,-31874.210538973017,0.0
601,-420848.9395938604,1099474.8114092392,2264.2507464889536,-31874.20954741299,0.0
602,349007.83135637315,2107030.5995894605,2797.937177578266,-39386.99054131319,1.0
603,1118864.8822255316,3114586.729782579,3331.6238067635913,-46899.76982955432,1.0
604,1118744.9633695518,3111181.5637115724,3331.6236850286205,-46899.75025422574,0.0
605,1118738.85144333,3111008.6113902414,3331.6236827763305,-46899.74920435422,0.0
606,1118733.9318129004,3110869.4069676353,3331.6236809635257,-46899.7483593423,0.0
607,1118727.78600731,3110695.5159958275,3331.6236866033123,-46899.74756951146,0.0
608,1118722.8009632614,3110554.4453685437,3331.6236911786395,-46899.74692875415,0.0
609,1118716.8223711182,3110385.2365794294,3331.623692820452,-46899.74570284635,0.0
610,1118711.887557135,3110245.562776466,3331.62369417569,-46899.744690917825,0.0
611,1118705.7772127327,3110072.610419442,3331.6236958536083,-46899.74416324558,0.0
612,1118700.875983534,3109933.875288835,3331.623697199564,-46899.743739969046,0.0
613,1118694.8324840677,3109762.8002839372,3331.623706635503,-46899.74260922836,0.0
614,1118689.8664481612,3109622.187738723,3331.6237143912294,-46899.74167983323,0.0
615,1118683.7430287276,3109448.7659275373,3331.6237160739993,-46899.740921046185,0.0
616,1118678.794891265,3109308.622681897,3331.6237174338557,-46899.74030786568,0.0
617,4165165.087642339,3962567.8525677556,4107.05313241572,-57815.56191149524,1.0
618,7211652.124423024,4815827.262022143,4882.482747891831,-68731.38322435923,1.0
619,7207025.906017791,4813605.2868263135,4882.482781840892,-68731.36085735635,0.0
620,7206796.0523882555,4813494.8783992715,4882.482787479907,-68731.36018176307,0.0
621,7206610.808089428,4813405.896436238,4882.48279202453,-68731.35963728551,0.0
622,7206382.196358617,4813296.081679568,4882.482793702061,-68731.35852194892,0.0
623,7206197.573002712,4813207.396571622,4882.482795056811,-68731.35762121931,0.0
624,7205970.202378733,4813098.17713822,4882.482788906445,-68731.35664286558,0.0
625,7205788.665758912,4813010.975836862,4882.4827839959025,-68731.3558617334,0.0
626,7205558.827155826,4812900.574018054,4882.482789634095,-68731.35478395378,0.0
627,7205370.481137268,4812810.101646864,4882.482794254442,-68731.35390074247,0.0
628,7205144.351205211,4812701.478413867,4882.482803690264,-68731.35323855573,0.0
629,7204963.436264302,4812614.572444887,4882.482811239414,-68731.35270877174,0.0
630,7204734.826666413,4812504.75330674,4882.482805054943,-68731.35169810534,0.0
631,7204550.204335522,4812416.066111715,4882.482800060455,-68731.35088190586,0.0
632,12222299.756274197,1029625.1404457204,6019.105695308164,-84731.73087094456,1.0
633,12219021.295739584,1030241.4844486398,6019.1057551506165,-84731.72360558608,0.0
634,12218775.641730035,1030287.6516855551,6019.105759634542,-84731.72306120118,0.0
635,12218470.862142209,1030344.9293343478,6019.105753500987,-84731.72181379527,0.0
636,12218217.703390857,1030392.5074154862,6019.105748406273,-84731.7207776626,0.0
637,12217905.439491274,1030451.1952309443,6019.105746116789,-84731.7199014875,0.0
638,12217662.267660085,1030496.8982517323,6019.10574433388,-84731.71921917616,0.0
639,12217354.987358656,1030554.6507304485,6019.105757804198,-84731.7181746146,0.0
640,12217106.831632886,1030601.2874485146,6019.105768682632,-84731.71733104187,0.0
641,12216798.735914348,1030659.1854153952,6019.105762482045,-84731.71649950398,0.0
642,12216558.06495703,1030704.414330502,6019.105757638411,-84731.71584994203,0.0
643,15976503.437723571,-7986436.690032671,7414.340797928636,-104372.60510820085,1.0
644,15969048.25264538,-7987809.760146341,7414.340753579161,-104372.58768197292,0.0
645,15968744.420908216,-7987865.7048977865,7414.340751771739,-104372.58697178285,0.0
646,15968368.73645245,-7987934.879238686,7414.340753435693,-104372.58625592664,0.0
647,15968056.681798207,-7987992.33803533,7414.340754817823,-104372.58566131504,0.0
648,15967683.053286579,-7988061.134994588,7414.340752595206,-104372.58447152154,0.0
649,15967380.249368425,-7988116.890185115,7414.340750793907,-104372.58350726432,0.0
650,15966991.202618102,-7988188.52451689,7414.3407444418135,-104372.58268467573,0.0
651,15966696.621176431,-7988242.76322226,7414.340739632092,-104372.58206182242,0.0
652,15966312.712965377,-7988313.446975223,7414.3407453163745,-104372.58119785972,0.0
653,15966008.880784828,-7988369.389212756,7414.340749815027,-104372.58051410266,0.0
654,15965630.112623071,-7988439.130586625,7414.340755423102,-104372.5796140652,0.0
655,15965325.253148902,-7988495.265157235,7414.340759936882,-104372.57888965045,0.0
656,15964948.541424818,-7988564.6318280855,7414.3407498765655,-104372.57788080812,0.0
657,21996027.465009138,-29874645.22253805,9313.581165858677,-131108.40367097117,1.0
658,22000334.326394178,-29887229.579054218,9313.580887759195,-131108.37578332648,0.0
659,22000482.365872283,-29887662.533484653,9313.580889345369,-131108.37492206387,0.0
660,22000605.81021152,-29888023.555405594,9313.58089066801,-131108.37420389394,0.0
661,22000759.36278007,-29888472.62908369,9313.580888457376,-131108.37307319127,0.0
662,22000886.61954473,-29888844.801797643,9313.580886625301,-131108.3721361148,0.0
663,22001041.444574613,-29889297.602847133,9313.580876619326,-131108.37143599795,0.0
664,22001165.72369811,-29889661.08126551,9313.580868587225,-131108.37087399286,0.0
665,22001321.8147724,-29890117.611884106,9313.580870260099,-131108.36988008488,0.0
666,22001449.064761303,-29890489.786904898,9313.580871623868,-131108.36906982612,0.0
667,22001603.893108584,-29890942.61984373,9313.580873282923,-131108.36793607916,0.0
668,22001736.655772522,-29891330.914252564,9313.580874705527,-131108.3669639152,0.0
669,22001888.077438083,-29891773.779069282,9313.580876328415,-131108.36593564597,0.0
670,22002013.21605859,-29892139.771599833,9313.580877669603,-131108.36508586278,0.0
671,55101576.999187894,-40338097.15697169,11961.215208146308,-168379.3946704994,1.0
672,88201140.4600643,-50784054.45093573,14608.849510863725,-205650.42469477514,1.0
673,88182611.05908582,-50792860.98881268,14608.849875016134,-205650.40226852987,0.0
674,88182061.37104057,-50793122.48654144,14608.84988582085,-205650.40160312387,0.0
675,88181379.8322128,-50793446.71738652,14608.849871850567,-205650.40024071067,0.0
676,88180824.56454618,-50793710.86729862,14608.849860468685,-205650.39913072405,0.0
677,88180135.57906675,-50794038.61934486,14608.849862154302,-205650.39797270522,0.0
678,88179591.46649528,-50794297.45612582,14608.849863485486,-205650.39705818216,0.0
679,88178908.06083363,-50794622.55636797,14608.849872997507,-205650.39577479256,0.0
680,88178337.96096765,-50794893.76300191,14608.849880932512,-205650.39470417873,0.0
681,88177663.81466816,-50795214.47293265,14608.849882581522,-205650.3938747292,0.0
682,88177115.9882141,-50795475.09014748,14608.849883921546,-205650.39320069933,0.0
683,88176432.58920823,-50795800.20434983,14608.84988559335,-205650.3924528521,0.0
684,88175886.62313038,-50796059.93854513,14608.849886928952,-205650.391855398,0.0
685,88175203.22510734,-50796385.054800525,14608.849884680889,-205650.3907846535,0.0
686,88174644.24167828,-50796650.98115677,14608.849882842094,-205650.38990884204,0.0
687,145925253.12712285,-118291921.34484789,18507.489855680167,-260531.9595810312,1.0
688,203675862.8640674,-185787192.74119866,22406.129893105535,-315413.5285333201,1.0
689,203658383.822832,-185792429.42230046,22406.12998101458,-315413.51361268875,0.0
690,203657489.50789958,-185792697.4427057,22406.12998551256,-315413.5128492547,0.0
691,203656289.98215365,-185793056.93869942,22406.12998308687,-315413.51180661336,0.0
692,203655453.07966697,-185793307.75485596,22406.12998139448,-315413.51107916876,0.0
693,203654323.0662457,-185793646.41304275,22406.1299870776,-315413.5098773142,0.0
694,203653446.90574425,-185793908.99847168,22406.129991484035,-315413.50894544984,0.0
695,203652347.0783308,-185794238.62218794,22406.129989259814,-315413.50793312525,0.0
696,203651446.71469682,-185794508.46344042,22406.129987438977,-315413.50710439554,0.0
697,203650313.74990606,-185794848.01359788,22406.129989142166,-315413.5059475039,0.0
698,203649422.46263787,-185795115.13452622,22406.12999048204,-315413.50503739325,0.0
699,203648298.50324064,-185795451.98949006,22406.129988209083,-315413.50418974395,0.0
700,203647416.22008732,-185795716.41096658,22406.12998642486,-315413.50352435856,0.0
701,203646265.10216722,-185796061.400355,22406.129992214148,-315413.50227461103,0.0
702,203645400.9728454,-185796320.38487518,22406.129996560096,-315413.5013364401,0.0
703,287617823.75290555,-348218398.16289634,27727.543351650213,-390323.5886791183,1.0
704,287577521.7624753,-348212166.51428485,27727.54328781649,-390323.5657590949,0.0
705,287576403.08109033,-348211993.4663681,27727.54328604461,-390323.5651228867,0.0
706,287574971.9896548,-348211772.0893967,27727.5432798255,-390323.5639505157,0.0
707,287573837.9512597,-348211596.65663725,27727.54327489729,-390323.563021494,0.0
708,287572410.72488767,-348211375.8612663,27727.54326081205,-390323.5620724287,0.0
709,287571276.6898336,-348211200.40694594,27727.54324962028,-390323.5613183257,0.0
710,287569853.3316229,-348210980.17314965,27727.543247365873,-390323.5601422103,0.0
711,287568707.7112186,-348210802.9106076,27727.543245551362,-390323.55919558817,0.0
712,287567245.7282042,-348210576.69436985,27727.543239198123,-390323.55828360247,0.0
713,287566115.5595205,-348210401.8132299,27727.54323428682,-390323.557578602,0.0
714,287564696.06726444,-348210182.15531874,27727.54323595866,-390323.5563538425,0.0
715,287563565.8991532,-348210007.27051824,27727.54323728974,-390323.5553787165,0.0
716,287562123.2308504,-348209784.0306889,27727.54322703614,-390323.5544596083,0.0
717,287561008.4225773,-348209611.5125199,27727.54321911276,-390323.553749375,0.0
718,287559588.93366814,-348209391.8330716,27727.543224704754,-390323.5527140087,0.0
719,287558451.0424191,-348209215.7400628,27727.543229187406,-390323.5518840387,0.0
720,323943431.6590438,-758569189.8472571,35527.54415439088,-500124.9606050369,1.0
721,360328411.8761344,-1168929157.110817,43327.544937845916,-609926.3691630125,1.0
722,360317880.16026574,-1168891081.899317,43327.544829266655,-609926.3542706751,0.0
723,360317397.4256982,-1168889335.9359517,43327.544824287834,-609926.3535877978,0.0
724,360316791.16044235,-1168887143.1419866,43327.54481406196,-609926.3525496285,0.0
725,360316314.96241343,-1168885420.718134,43327.54480602963,-609926.3517341563,0.0
726,360315715.2469969,-1168883251.460006,43327.54481163652,-609926.3506853963,0.0
727,360315237.4256638,-1168881523.1482875,43327.544816103706,-609926.3498498172,0.0
728,360314629.55084836,-1168879324.4626658,43327.544809834544,-609926.3487717235,0.0
729,360314141.9677955,-1168877560.8297799,43327.54480480587,-609926.3479069531,0.0
730,360313547.1373665,-1168875409.2311127,43327.54481036697,-609926.3469541543,0.0
731,360313080.67181146,-1168873721.9856634,43327.544814727895,-609926.3462069853,0.0
732,360312479.31002986,-1168871546.846061,43327.54480852532,-609926.3452711228,0.0
733,360311990.14057267,-1168869777.465986,43327.54480347982,-609926.3445098412,0.0
734,360311388.80325943,-1168867602.319626,43327.54480516047,-609926.3434274221,0.0
735,360310914.20926636,-1168865885.6381266,43327.54480648688,-609926.3425731488,0.0
736,-14508294.381932974,-1665010007.043827,54008.71975512203,-760286.3269425121,1.0
737,-389327505.7249693,-2161154131.575628,64689.89478231156,-910646.3116677357,1.0
738,-389314918.47407484,-2161095175.502648,64689.89481238256,-910646.2916293389,0.0
739,-389314365.219465,-2161092583.7910166,64689.89481370448,-910646.2907484557,0.0
740,-389313667.51379025,-2161089315.379714,64689.89480755276,-910646.2898763538,0.0
741,-389313100.96571475,-2161086661.4578543,64689.89480255761,-910646.2891682136,0.0
742,-389312389.8970197,-2161083330.629165,64689.89480027223,-910646.2880098801,0.0
743,-389311830.94489825,-2161080712.382944,64689.894798475776,-910646.2870993548,0.0
744,-389311133.1894526,-2161077443.98228,64689.89480014297,-910646.2860201192,0.0
745,-389310568.52553433,-2161074798.9825063,64689.89480149216,-910646.2851467327,0.0
746,-389309865.06852543,-2161071503.8261065,64689.89480317269,-910646.2842202679,0.0
747,-389309306.1240007,-2161068885.578275,64689.894804507996,-910646.2834841227,0.0
748,-389308593.15802526,-2161065545.8303356,64689.894802216644,-910646.2823015465,0.0
749,-389308038.018601,-2161062945.4188056,64689.894800432536,-910646.2813807626,0.0
750,-389307336.46192074,-2161059659.1810427,64689.89479817759,-910646.2805035004,0.0
751,-389306777.5043199,-2161057040.9360137,64689.89479638101,-910646.2798045587,0.0
752,-389306072.12661976,-2161053736.86536,64689.89479411416,-910646.2789313924,0.0
753,-1636223417.537506,-2433063906.3845778,80016.9425696471,-1126406.678782322,1.0
754,-1636249357.920929,-2433080815.921685,80016.94255285045,-1126406.6723124404,0.0
755,-1636252868.0620556,-2433083103.9635143,80016.94254661493,-1126406.6713073687,0.0
756,-1636255623.6307793,-2433084900.1222258,80016.94254171987,-1126406.6705183596,0.0
757,-1636259115.123875,-2433087175.9531937,80016.94253945888,-1126406.6695245744,0.0
758,-1636261870.4804652,-2433088971.9455357,80016.9425376746,-1126406.6687403172,0.0
759,-2538348681.9712586,-3172033885.532256,97407.19286648656,-1371210.981648957,1.0
760,-2538380058.54108,-3171981759.889848,97407.19288663547,-1371210.9696319606,0.0
761,-2538382151.77622,-3171978282.573797,97407.19288797963,-1371210.9688302937,0.0
762,-2538384747.123818,-3171973971.153529,97407.19288182727,-1371210.9678942494,0.0
763,-2538386847.4236026,-3171970482.0636086,97407.19287684839,-1371210.9671367423,0.0
764,-2538389449.8045144,-3171966158.850612,97407.19287851972,-1371210.9662898874,0.0
765,-2538391550.0927563,-3171962669.753749,97407.19287986858,-1371210.965606423,0.0
766,-2538394166.64941,-3171958323.0209694,97407.19288549048,-1371210.9643742975,0.0
767,-2538396245.886344,-3171954868.950012,97407.19288995786,-1371210.9633952028,0.0
768,-2538398890.6440935,-3171950475.4687204,97407.19288767206,-1371210.9621936255,0.0
769,-2538400969.719954,-3171947021.6823945,97407.19288587516,-1371210.9612490477,0.0
770,-2538403536.9014106,-3171942757.031722,97407.19288365667,-1371210.9604113984,0.0
771,-2538405630.126178,-3171939279.7094593,97407.19288184775,-1371210.9597283946,0.0
772,-2538408246.6914234,-3171934932.981877,97407.19287564517,-1371210.958891836,0.0
773,-2538410325.725741,-3171931479.170555,97407.19287071675,-1371210.958227128,0.0
774,-4904426173.813713,-4784857009.3251915,120144.36395887866,-1691284.4047529073,1.0
775,-4904308731.714123,-4784802277.29414,120144.36366723078,-1691284.383175376,0.0
776,-4904304239.57207,-4784800185.396917,120144.3636560768,-1691284.382350151,0.0
777,-4904298535.995174,-4784797529.437071,120144.36366172905,-1691284.3815385015,0.0
778,-4904293967.0776615,-4784795401.817699,120144.36366625686,-1691284.3808883184,0.0
779,-4904288278.880567,-4784792752.949235,120144.36366794189,-1691284.3799584948,0.0
780,-4904283786.74001,-4784790661.048822,120144.3636692726,-1691284.3792241844,0.0
781,-4904278206.02007,-4784788062.209628,120144.36367480326,-1691284.3785091634,0.0
782,-4904273667.470238,-4784785948.659446,120144.36367930111,-1691284.3779276672,0.0
783,-4904267964.3205805,-4784783292.737375,120144.36368099076,-1691284.3770850739,0.0
784,-4904263426.149369,-4784781179.329343,120144.36368233527,-1691284.3764145959,0.0
785,-4904257783.687272,-4784778551.648266,120144.3636879274,-1691284.3752053943,0.0
786,-4904253092.370227,-4784776366.881236,120144.36369257688,-1691284.3742000244,0.0
787,-4904247527.063438,-4784773775.061843,120144.36368649203,-1691284.3731841142,0.0
788,-8679168254.051514,-2872646871.915467,151289.8627320227,-2129722.695217584,1.0
789,-8679011971.710436,-2872617574.6143856,151289.86260687019,-2129722.6743224626,0.0
790,-8679004288.81891,-2872616135.3446927,151289.86259680815,-2129722.6735228277,0.0
791,-8678998113.647028,-2872614978.5870337,151289.86258872072,-2129722.6728801173,0.0
792,-8678990389.305315,-2872613531.6974077,151289.86259039698,-2129722.6716629853,0.0
793,-8678984193.164448,-2872612371.0528746,151289.8625917416,-2129722.6706866533,0.0
794,-8678976426.90398,-2872610916.286928,151289.86258947462,-2129722.669998067,0.0
795,-8678970104.992596,-2872609732.089433,151289.86258762924,-2129722.6694375426,0.0
796,-8678962611.226727,-2872608328.3987236,151289.86259306857,-2129722.6685069795,0.0
797,-8678956310.281162,-2872607148.1050305,151289.8625976421,-2129722.667724538,0.0
798,-8678948481.144659,-2872605681.513409,151289.8626073094,-2129722.666515801,0.0
799,-8678942452.71548,-2872604552.178648,151289.86261475322,-2129722.665585073,0.0
800,-8678934707.449987,-2872603101.1609674,151289.86262037503,-2129722.6645046165,0.0
801,-8678928532.305391,-2872601944.2577844,151289.8626248572,-2129722.6636431892,0.0
802,-13358661301.134392,5136322494.953798,192450.921826926,-2709151.0215303116,1.0
803,-13358342626.575174,5136353651.901755,192450.92175470458,-2709150.991664016,0.0
804,-13358334618.576889,5136354434.26328,192450.92175288973,-2709150.990913509,0.0
805,-13358324642.166243,5136355408.91552,192450.9217585117,-2709150.9898047866,0.0
806,-13358316687.527575,5136356186.094515,192450.92176299432,-2709150.9889207524,0.0
807,-13358306684.769903,5136357163.422783,192450.92176467902,-2709150.988098488,0.0
808,-13358298514.781067,5136357961.69265,192450.92176605505,-2709150.9874268845,0.0
809,-13358288807.73765,5136358910.157891,192450.92176385492,-2709150.9861298134,0.0
810,-13358280718.74735,5136359700.506857,192450.92176202152,-2709150.9850489493,0.0
811,-13358270877.344297,5136360662.060165,192450.92177145532,-2709150.984244786,0.0
812,-13358262896.358849,5136361441.917566,192450.92177910576,-2709150.9835926415,0.0
813,-13358252973.973162,5136362411.554409,192450.92177685685,-2709150.982582086,0.0
814,-13358244992.991928,5136363191.454919,192450.92177504796,-2709150.9817692554,0.0
815,-13358235097.602013,5136364158.413141,192450.92177671447,-2709150.980807363,0.0
816,-19039479944.78014,26564634894.318405,250333.70738617258,-3523972.7580089,1.0
817,-24720724790.58249,47992905624.44647,308216.49297909235,-4338794.534501371,1.0
818,-24720862522.52581,47992620407.08016,308216.4930122412,-4338794.515368258,0.0
819,-24720869673.04445,47992605598.425766,308216.49300992483,-4338794.514014609,0.0
820,-24720875125.133034,47992594307.270256,308216.4930081587,-4338794.512982491,0.0
821,-24720882011.225716,47992580046.38814,308216.4930098162,-4338794.512126,0.0
822,-24720887576.666454,47992568520.48601,308216.49301115586,-4338794.511433768,0.0
823,-24720894576.06701,47992554024.835884,308216.49301284074,-4338794.51042783,0.0
824,-24720900179.256294,47992542420.66774,308216.49301418953,-4338794.50962255,0.0
825,-24720907197.50452,47992527885.871765,308216.49301984167,-4338794.508842998,0.0
826,-24720912762.829704,47992516359.91385,308216.4930243238,-4338794.508224823,0.0
827,-24720919837.604393,47992501707.672325,308216.4930260268,-4338794.507124585,0.0
828,-24720925365.07591,47992490259.92968,308216.4930273574,-4338794.506264974,0.0
829,-24720932439.806145,47992475607.6667,308216.4930290606,-4338794.505523161,0.0
830,-9801771442.70867,58117990565.2456,386640.60629340296,-5442778.601673937,1.0
831,-9801817576.411444,58118525510.93677,386640.606338208,-5442778.582159702,0.0
832,-9801819302.824312,58118545519.172,386640.60635167564,-5442778.58097837,0.0
833,-9801820669.353466,58118561354.05054,386640.60636233416,-5442778.580043443,0.0
834,-29297158659.0002,65026138267.02461,488924.9753833213,-6882645.880768514,1.0
835,-29297393125.997715,65026586989.86346,488924.97533837135,-6882645.864870493,0.0
836,-29297402496.02888,65026604924.189,488924.97533657483,-6882645.864235104,0.0
837,-29297414224.674873,65026627373.02321,488924.97533824644,-6882645.863305903,0.0
838,-29297423786.19251,65026645673.86118,488924.97533960914,-6882645.862548395,0.0
839,-29297435419.16201,65026667939.4043,488924.9753296025,-6882645.861688286,0.0
840,-29297445363.492535,65026686973.35074,488924.97532104823,-6882645.860953016,0.0
841,-29297456708.825153,65026708689.33794,488924.97532266495,-6882645.859844432,0.0
842,-29297466174.316128,65026726807.06776,488924.9753240138,-6882645.858919535,0.0
843,-29297477998.42188,65026749439.30626,488924.9753177944,-6882645.858066945,0.0
844,-29297487241.189705,65026767130.93557,488924.9753129328,-6882645.857400478,0.0
845,-29297498873.56523,65026789396.78899,488924.9753068139,-6882645.856276034,0.0
846,-29297508370.68188,65026807575.75505,488924.9753018181,-6882645.855357985,0.0
847,-29297520034.722485,65026829902.82412,488924.97530737903,-6882645.854515205,0.0
848,-29297529436.110706,65026847898.52622,488924.97531186114,-6882645.853835919,0.0
849,-106909370080.60272,40614105096.739655,623781.3186358733,-8781032.092525069,1.0
850,-184521210755.36005,16201362283.996399,758637.6620160685,-10679418.33170323,1.0
851,-262133051344.94254,-8211380497.91193,893494.0052308061,-12577804.570612924,1.0
852,-262133449347.0542,-8211349314.007989,893494.005177593,-12577804.561774617,0.0
853,-262133485584.08527,-8211346472.856555,893494.005172748,-12577804.56096991,0.0
854,-262133531477.53076,-8211342874.37369,893494.0051744098,-12577804.559988119,0.0
855,-262133568345.3598,-8211339983.64669,893494.0051757449,-12577804.559199411,0.0
856,-262133614364.37955,-8211336375.45637,893494.0051735016,-12577804.558136338,0.0
857,-262133651982.59717,-8211333425.858644,893494.0051716678,-12577804.557267329,0.0
858,-262133698127.16565,-8211329807.635194,893494.0051772584,-12577804.556620272,0.0
859,-262133735993.53174,-8211326838.723585,893494.0051818461,-12577804.556089295,0.0
860,-262133782263.7006,-8211323211.125581,893494.0051795904,-12577804.554909036,0.0
861,-262133819257.10812,-8211320310.745069,893494.005177787,-12577804.553965406,0.0
862,-262133865652.82578,-8211316673.114514,893494.0051834082,-12577804.55327276,0.0
863,-262133903519.2101,-8211313704.435775,893494.0051879958,-12577804.552707447,0.0
864,-262133949290.1364,-8211310116.261777,893494.0051935413,-12577804.551610712,0.0
865,-262133986531.7221,-8211307196.94619,893494.0051980534,-12577804.550718352,0.0
866,-344033366745.2706,-135034333122.0571,1073529.1982009164,-15112177.968868278,1.0
867,-344032195191.2055,-135034492751.51215,1073529.1982364415,-15112177.946611064,0.0
868,-344032151018.9235,-135034498768.5838,1073529.198237781,-15112177.945771882,0.0
869,-344032095915.1252,-135034506274.65248,1073529.1982316112,-15112177.94445467,0.0
870,-344032051442.9879,-135034512332.78871,1073529.1982266319,-15112177.943391597,0.0
871,-344031996489.2154,-135034519819.0454,1073529.1982204788,-15112177.942605624,0.0
872,-344031952317.0295,-135034525836.82216,1073529.198215533,-15112177.941973854,0.0
873,-344031895863.9215,-135034533527.96889,1073529.1982172446,-15112177.940746782,0.0
874,-344031851991.63885,-135034539505.033,1073529.1982185747,-15112177.93979317,0.0
875,-344031796288.21704,-135034547093.87024,1073529.1982242262,-15112177.93904535,0.0
876,-390953858134.7146,-29485213695.940186,1325296.9946148181,-18656338.38563821,1.0
877,-390953531906.2214,-29485065761.551674,1325296.9946439867,-18656338.381778527,0.0
878,-390953470571.32825,-29485037945.944633,1325296.9946533164,-18656338.380622033,0.0
879,-390953420445.52704,-29485015213.13951,1325296.9946609412,-18656338.379676886,0.0
880,-390953358090.28296,-29484986933.524803,1325296.9946626069,-18656338.378816847,0.0
881,-390953307628.4699,-29484964047.768017,1325296.994663955,-18656338.37812085,0.0
882,-390953245103.1742,-29484935690.80358,1325296.9946617053,-18656338.377030484,0.0
883,-390953195151.7516,-29484913036.576565,1325296.994659908,-18656338.376159392,0.0
884,-390953131775.6553,-29484884294.059563,1325296.9946616013,-18656338.37500881,0.0
885,-390953081824.23035,-29484861639.83775,1325296.9946629358,-18656338.37410195,0.0
886,-390953017937.81024,-29484832665.643963,1325296.994652626,-18656338.37291729,0.0
887,-390952968836.87067,-29484810397.669876,1325296.9946447024,-18656338.372006807,0.0
888,-390952906481.1674,-29484782119.067757,1325296.9946463685,-18656338.37124553,0.0
889,-390952855508.5681,-29484759002.65395,1325296.9946477306,-18656338.370623223,0.0
890,-390952792472.3981,-29484730415.226818,1325296.994653367,-18656338.36924194,0.0
891,-539327500129.6277,297626695513.6709,1628968.5507139107,-22931153.225582182,1.0
892,-539326298811.7584,297625787473.20874,1628968.550813678,-22931153.20113257,0.0
893,-539326231304.50226,297625736457.0629,1628968.550811422,-22931153.200517178,0.0
894,-539326176969.9118,297625695395.486,1628968.5508096064,-22931153.200021867,0.0
895,-539326109096.47504,297625644102.1784,1628968.5508073384,-22931153.19891077,0.0
896,-539326055678.0215,297625603732.5991,1628968.5508055533,-22931153.198036302,0.0
897,-539325987987.9862,297625552577.46063,1628968.5508072325,-22931153.197251346,0.0
898,-539325934019.95544,297625511792.54395,1628968.5508085713,-22931153.196625516,0.0
899,-539325866691.79205,297625460911.2008,1628968.550810242,-22931153.195624955,0.0
900,-539325810896.0578,297625418745.3092,1628968.5508116267,-22931153.194795776,0.0
901,-539325743572.1007,297625367867.468,1628968.5508054574,-22931153.193969347,0.0
902,-539325690698.94214,297625327909.82465,1628968.5508006122,-22931153.193320304,0.0
903,-539325623375.5455,297625277031.24194,1628968.5508022828,-22931153.192506347,0.0
904,-539325568125.36456,297625235276.9444,1628968.550803654,-22931153.19183836,0.0
905,-539325499707.0149,297625183571.1954,1628968.550809336,-22931153.190846518,0.0
906,-539325446650.5072,297625143475.31354,1628968.5508137422,-22931153.190077372,0.0
907,-277549014083.9977,1128240246421.4507,2043543.9326702594,-28767172.279676206,1.0
908,-277551165166.22186,1128238268983.8135,2043543.9327163745,-28767172.247188285,0.0
909,-277551227850.61316,1128238211354.2415,2043543.9327177184,-28767172.246241517,0.0
910,-277551305146.9612,1128238140290.8176,2043543.932719376,-28767172.245405544,0.0
911,-277551370587.97235,1128238080126.555,2043543.9327207792,-28767172.244697787,0.0
912,-277551445975.55646,1128238010817.5527,2043543.9327186036,-28767172.24345335,0.0
913,-277551508452.80725,1128237953378.1606,2043543.9327168006,-28767172.24242203,0.0
914,-277551587016.54034,1128237881149.6826,2043543.9327145333,-28767172.24155608,0.0
915,-277551651821.6571,1128237821570.619,2043543.9327126632,-28767172.24084178,0.0
916,-277551728270.1152,1128237751287.427,2043543.9327181482,-28767172.239836577,0.0
917,-277551791166.4655,1128237693462.7822,2043543.932722661,-28767172.239009563,0.0
918,-277551869522.76404,1128237621424.164,2043543.9327164583,-28767172.23804392,0.0
919,-277551932000.13806,1128237563984.906,2043543.9327115128,-28767172.23727397,0.0
920,-277552013745.1909,1128237488832.4424,2043543.9327091542,-28767172.23632198,0.0
921,894364661712.0613,858273073429.6191,2623380.0238975165,-36929582.83464843,1.0
922,2066281337578.8298,588308657915.6016,3203216.115295507,-45091993.43241995,1.0
923,2066283293065.2742,588312716533.253,3203216.1152344593,-45091993.40777918,0.0
924,2066283365688.9758,588312867240.4225,3203216.115224288,-45091993.40671714,0.0
925,2066283424606.8447,588312989502.3582,3203216.1152160363,-45091993.405855544,0.0
926,2066283497821.3914,588313141428.4797,3203216.1152257035,-45091993.404995605,0.0
927,2066283555371.6218,588313260852.8268,3203216.1152333026,-45091993.40431964,0.0
928,2066283626824.0696,588313409128.9966,3203216.1152232955,-45091993.403250895,0.0
929,2066283683590.5078,588313526926.1459,3203216.1152153453,-45091993.402401835,0.0
930,2066283756217.0898,588313677631.9271,3203216.1152209826,-45091993.40126783,0.0
931,2066283813767.884,588313797056.0026,3203216.11522545,-45091993.400369205,0.0
932,2066283885804.8862,588313946542.222,3203216.115211441,-45091993.39960156,0.0
933,2066283943748.8694,588314066779.2733,3203216.115200173,-45091993.398984104,0.0
934,2066284018338.0315,588314221551.5553,3203216.115205963,-45091993.39793809,0.0
935,2066284073150.909,588314335289.7915,3203216.115210218,-45091993.3971694,0.0
936,462662279702.3364,1638751676768.008,4052487.328541018,-57047269.12179839,1.0
937,-1140959513689.0925,2689189018211.835,4901758.541841939,-69002544.84660959,1.0
938,-1140963086573.762,2689186360906.2227,4901758.541802506,-69002544.83096017,0.0
939,-1140963247706.665,2689186241074.7285,4901758.541800728,-69002544.83025442,0.0
940,-1140963449802.9187,2689186090780.1226,4901758.541802386,-69002544.82905184,0.0
941,-1140963614249.318,2689185968484.474,4901758.541803734,-69002544.8280733,0.0
942,-1140963820780.693,2689185814890.6,4901758.5418014545,-69002544.82696933,0.0
943,-1140963985781.654,2689185692182.774,4901758.541799634,-69002544.82608736,0.0
944,-1140964187878.0723,2689185541888.389,4901758.541797403,-69002544.82511447,0.0
945,-1140964354542.8782,2689185417944.244,4901758.541795564,-69002544.82431215,0.0
946,-1140964559966.6082,2689185265176.714,4901758.5417893445,-69002544.82329862,0.0
947,-1140964724969.055,2689185142470.8857,4901758.541784349,-69002544.82248452,0.0
948,-1140964934262.4792,2689184986829.2236,4901758.541778012,-69002544.8214073,0.0
949,-1140965093734.9456,2689184868238.631,4901758.541773184,-69002544.8205865,0.0
950,-1140965297498.7166,2689184716712.6445,4901758.541774856,-69002544.81980015,0.0
951,-1140965465829.6926,2689184591535.3076,4901758.541776237,-69002544.81915054,0.0
952,498179258719.24316,-522120973052.0913,6081796.814672084,-85614061.48115425,1.0
953,2137323982833.2166,-3733426536782.131,7261835.087250681,-102225578.14397572,1.0
954,2137318921842.6055,-3733424894268.725,7261835.087218873,-102225578.13005789,0.0
955,2137318632091.7483,-3733424800221.6777,7261835.0872170525,-102225578.12926106,0.0
956,2137318275252.6167,-3733424684398.4663,7261835.08721481,-102225578.12842819,0.0
957,2137317975788.9287,-3733424587197.4927,7261835.087212928,-102225578.12772924,0.0
958,2137317621848.0095,-3733424472313.372,7261835.087218459,-102225578.12651445,0.0
959,2137317337939.0352,-3733424380162.347,7261835.087222896,-102225578.12554003,0.0
960,2137316978178.3005,-3733424263393.1626,7261835.087220634,-102225578.12453088,0.0
961,2137316695242.767,-3733424171558.777,7261835.0872188555,-102225578.12373723,0.0
962,2137316333535.2227,-3733424054156.092,7261835.087224508,-102225578.12287779,0.0
963,2137316046704.7634,-3733423961058.7305,7261835.08722899,-102225578.12219627,0.0
964,2137315690814.7112,-3733423845548.268,7261835.087230653,-102225578.12101415,0.0
965,2137315399138.6394,-3733423750880.1343,7261835.087232015,-102225578.12004532,0.0
966,2137315043248.2375,-3733423635370.7485,7261835.087229778,-102225578.1190597,0.0
967,2137314758364.576,-3733423542906.925,7261835.087227988,-102225578.11827073,0.0
968,704605860492.3845,-15835523467180.078,8889527.571952997,-125138767.84171811,1.0
969,704606234657.2299,-15835535797699.441,8889527.572102778,-125138767.80838662,0.0
970,704606246137.4207,-15835536174166.621,8889527.57210735,-125138767.80736896,0.0
971,704606259985.9312,-15835536628229.396,8889527.572108999,-125138767.80631346,0.0
972,704606271354.7666,-15835537000968.812,8889527.572110351,-125138767.80544698,0.0
973,704606285203.73,-15835537455001.725,8889527.572104266,-125138767.80442952,0.0
974,16610310185370.541,-26475496202498.12,11125084.694321895,-156608928.74766326,1.0
975,16610309448521.984,-26475500261234.688,11125084.69427774,-156608928.74028012,0.0
976,16610309344990.656,-26475500831366.55,11125084.694275478,-156608928.73941436,0.0
977,16610309262165.896,-26475501287464.504,11125084.69427367,-156608928.73872176,0.0
978,16610309160033.244,-26475501849881.04,11125084.694275327,-156608928.73772627,0.0
979,16610309075527.236,-26475502315236.87,11125084.694276698,-156608928.73690256,0.0
980,16610308972835.898,-26475502880739.68,11125084.694274455,-156608928.73589492,0.0
981,16610308886928.494,-26475503353810.34,11125084.69427258,-156608928.73505196,0.0
982,16610308784795.23,-26475503916226.766,11125084.694270348,-156608928.73417816,0.0
983,16610308699172.758,-26475504387717.355,11125084.694268478,-156608928.7334456,0.0
984,16610308600953.418,-26475504928568.387,11125084.694258856,-156608928.73266107,0.0
985,16610308515318.855,-26475505400094.73,11125084.694250466,-156608928.73197708,0.0
986,16610308414294.096,-26475505956337.0,11125084.694244415,-156608928.73104522,0.0
987,16610308330334.191,-26475506418604.273,11125084.694239385,-156608928.7302708,0.0
988,50987141867800.984,-40137035845730.375,13807889.475902913,-194375039.65978706,1.0
989,85363975412455.39,-53798565275528.44,16490694.258164292,-232141150.589912,1.0
990,85363988316650.14,-53798564772257.984,16490694.258189553,-232141150.57401985,0.0
991,85363988984730.48,-53798564746185.59,16490694.258190861,-232141150.57319707,0.0
992,85363989849971.92,-53798564712417.695,16490694.258188581,-232141150.57222316,0.0
993,85363990524965.38,-53798564686076.17,16490694.258186802,-232141150.5714634,0.0
994,85363991376270.17,-53798564652855.64,16490694.258192379,-232141150.57035828,0.0
995,85363992055909.12,-53798564626330.24,16490694.25819683,-232141150.569476,0.0
996,85363992916504.77,-53798564592738.51,16490694.258198516,-232141150.5685878,0.0
997,85363993598521.64,-53798564566116.11,16490694.258199852,-232141150.5678839,0.0
998,85363994475321.44,-53798564531889.23,16490694.258189488,-232141150.56698987,0.0
999,85363995157283.25,-53798564505275.14,16490694.258181429,-232141150.5662945,0.0
